target,group_type,group,n,weighted_population,observed_rate,avg_predicted_risk,calibration_error,auc,recall_at_threshold,precision_at_threshold
Next-year high medical expenditure,Age,18-34,143,11338534.014803002,0.07553101665038127,0.05403378582212862,0.021497230828252646,0.6323155216284987,0.3602181497563679,0.3318496220375408
Next-year high medical expenditure,Age,35-49,142,9159966.601594005,0.11323458365486873,0.08036935395634125,0.03286522969852748,0.8578823529411764,0.5579208206587368,0.6301146305189823
Next-year high medical expenditure,Age,50-64,204,12431128.737196995,0.19761138597772313,0.14378533854028827,0.053826047437434854,0.8755050127188388,0.7423363535698667,0.6334079263930213
Next-year high medical expenditure,Age,65+,230,9160609.067002002,0.1949071087919846,0.2513989772028429,-0.056491868410858265,0.8546245421245421,0.7728980514361994,0.3369854935901942
Next-year high medical expenditure,Chronic burden,0,267,18037394.646281,0.08224860745345407,0.060409493542264076,0.021839113911189992,0.7517818959372773,0.2534512488763377,0.31153485744652004
Next-year high medical expenditure,Chronic burden,1,172,11298501.544973996,0.09333734119938354,0.09044483808712271,0.0028925031122608302,0.7904647435897436,0.6539734317630855,0.47798391814867053
Next-year high medical expenditure,Chronic burden,2,140,7497569.170665,0.2050274548685033,0.18472579341151737,0.02030166145698592,0.8713886300093197,0.7428661088552777,0.4675063599271112
Next-year high medical expenditure,Chronic burden,3+,140,5256773.058676003,0.3919336405977394,0.36956339312736924,0.02237024747037014,0.7857777777777778,0.914006373451539,0.5049078716399237
Next-year high medical expenditure,Income,High Income,260,19657757.808905005,0.15342377887725128,0.12271961387521187,0.030704165002039416,0.8006102693602694,0.5745927135851514,0.4727723898017215
Next-year high medical expenditure,Income,Low Income,107,5886521.047819997,0.12489945431967515,0.13319999849127925,-0.008300544171604099,0.8028846153846154,0.8872755479210926,0.4034056015134935
Next-year high medical expenditure,Income,Middle Income,188,10547284.599715002,0.11958121549958747,0.11712068697468461,0.0024605285249028608,0.8736942070275404,0.7156919979357369,0.4801547697577131
Next-year high medical expenditure,Income,Near Poor,39,1254738.250419,0.1926627507340868,0.17500528781613045,0.017657462917956362,0.9717741935483871,1,0.73800250848104
Next-year high medical expenditure,Income,Poor/Negative,125,4743936.713736999,0.1858050131532313,0.16607688479990715,0.01972812835332416,0.8234323432343235,0.6364881802895814,0.4212089139924676
Next-year high medical expenditure,Insurance,<65 Any Private,297,23380710.801552996,0.12685876977332908,0.08858404532160337,0.03827472445172571,0.7769230769230769,0.5663609826753419,0.545989587476475
Next-year high medical expenditure,Insurance,<65 Public Only,126,5883239.532009,0.2167267283874461,0.16626240556686658,0.05046432282057953,0.8451612903225807,0.781462662773499,0.6457413472820587
Next-year high medical expenditure,Insurance,<65 Uninsured,66,3665679.020031999,0.029753046983379335,0.0237170432957332,0.006036003687646136,0.9609375,0.316284394144755,0.32167422358051484
Next-year high medical expenditure,Insurance,65+ Medicare and Other Public,46,1442080.8050369995,0.1594633617081533,0.2547505174078014,-0.0952871556996481,0.9019607843137255,1,0.29565000699169663
Next-year high medical expenditure,Insurance,65+ Medicare and Private,92,4389018.574318001,0.20777126200421692,0.2417964153194471,-0.03402515331523018,0.8219607843137255,0.6600765065369655,0.33795869892301333
Next-year high medical expenditure,Insurance,65+ Medicare Only,89,3250703.1536290008,0.19798696356894513,0.266724899252192,-0.06873793568324688,0.8398496240601504,0.8516106240058849,0.3634796871004395
Next-year high medical expenditure,Insurance,65+ No Medicare Any Coverage,3,78806.53401799999,0,0.09268888262041328,-0.09268888262041328,NA,NA,0
Next-year high medical expenditure,Race/ethnicity,Hispanic,151,7580561.943822001,0.10610893633189566,0.09076381459813546,0.015345121733760209,0.9186176142697882,0.8566618792429421,0.5707568170450252
Next-year high medical expenditure,Race/ethnicity,Non-Hispanic Asian,35,2530141.6381380004,0.04702962712536882,0.0504468451497638,-0.0034172180243949857,0.029411764705882353,0,0
Next-year high medical expenditure,Race/ethnicity,Non-Hispanic Black,97,4072306.549758999,0.07598530320226324,0.1214842973586859,-0.04549899415642267,0.8308943089430895,0.544363242558191,0.280191819645818
Next-year high medical expenditure,Race/ethnicity,Non-Hispanic Other/Multiple,17,998182.2030519998,0.17061705119193346,0.1351623600271185,0.03545469116481495,0.7380952380952381,0.5621462025004025,0.6859852381204682
Next-year high medical expenditure,Race/ethnicity,Non-Hispanic White,419,26909046.085825,0.1758716033045103,0.14842257742352805,0.027449025880982247,0.8118583699979048,0.662961619589355,0.46384389187542796
Next-year high Rx out-of-pocket burden,Age,18-34,38,3240331.020361,0.03785024451123393,0.07223130435474531,-0.034381059843511384,0.9305555555555556,1,0.44476213004581217
Next-year high Rx out-of-pocket burden,Age,35-49,79,5399862.0274020005,0.06004887036734288,0.10384458677430672,-0.043795716406963836,0.817351598173516,0.6768072535053334,0.20872380767789056
Next-year high Rx out-of-pocket burden,Age,50-64,139,6841436.959814002,0.17430730614587447,0.11829628825388779,0.05601101789198669,0.9146576663452266,0.6696719229501171,0.5666933286117309
Next-year high Rx out-of-pocket burden,Age,65+,204,8821177.685127,0.1960689044694262,0.18738970605404487,0.00867919841538134,0.8646464646464647,0.7813105477558716,0.574216909407793
Next-year high Rx out-of-pocket burden,Chronic burden,0,78,5531521.180509999,0.03259326043227362,0.07913209634530206,-0.046538835913028445,0.9422222222222222,0.720073644198675,0.20337495730548266
Next-year high Rx out-of-pocket burden,Chronic burden,1,115,7361769.129021997,0.13496373917515053,0.0907853130656006,0.04417842610954993,0.8396464646464646,0.6649403393758567,0.6208840745932102
Next-year high Rx out-of-pocket burden,Chronic burden,2,126,5704385.420839,0.15652973297825862,0.13444433552735327,0.022085397450905347,0.863063063063063,0.5403831892365116,0.44144939402983957
Next-year high Rx out-of-pocket burden,Chronic burden,3+,141,5705131.962333002,0.22825167071271185,0.24261149237313887,-0.014359821660427013,0.9033033033033033,0.9361197834422742,0.5313244747676149
Next-year high Rx out-of-pocket burden,Income,High Income,165,10982226.005869,0.14510717765773223,0.1310951923752942,0.014011985282438022,0.8625229638701776,0.6844417493577699,0.4643900188459024
Next-year high Rx out-of-pocket burden,Income,Low Income,50,2524941.003894,0.045374596130884376,0.15633266850794766,-0.11095807237706329,0.9361702127659575,1,0.2252396725598804
Next-year high Rx out-of-pocket burden,Income,Middle Income,118,6060412.934112998,0.1805990304987678,0.1472117301001353,0.0333873003986325,0.9002659574468085,0.8816275265791316,0.6664615151137947
Next-year high Rx out-of-pocket burden,Income,Near Poor,30,1368445.5815940006,0.11364798754499617,0.0612179065597351,0.052430080985261064,0.7654320987654321,0.13714617846327687,0.3652050961952385
Next-year high Rx out-of-pocket burden,Income,Poor/Negative,97,3366782.1672340003,0.12200974765542344,0.13268729729185694,-0.010677549636433498,0.9281183932346723,0.7314163059370091,0.41379430688955154
Next-year high Rx out-of-pocket burden,Insurance,<65 Any Private,152,10957518.716586994,0.12816747310694404,0.11620113576666627,0.011966337340277772,0.8899881282152751,0.7474453270726565,0.46003959087376245
Next-year high Rx out-of-pocket burden,Insurance,<65 Public Only,92,3886038.148717998,0.051297397146181735,0.07267835395315764,-0.021380956806975902,0.8827586206896552,0.45643612197802297,0.20013953807844514
Next-year high Rx out-of-pocket burden,Insurance,<65 Uninsured,12,638073.142272,0.05590935098909501,0.07586810410531244,-0.019958753116217434,1,0,NA
Next-year high Rx out-of-pocket burden,Insurance,65+ Medicare and Other Public,46,1389905.820663,0.1148468062964558,0.12637329866037852,-0.011526492363922725,0.9317073170731708,0.530796076626832,0.540413343473884
Next-year high Rx out-of-pocket burden,Insurance,65+ Medicare and Private,77,3724659.033434,0.166531016573652,0.1651081956607139,0.0014228209129380776,0.7766439909297053,0.5508790641304175,0.372204417569968
Next-year high Rx out-of-pocket burden,Insurance,65+ Medicare Only,79,3632513.294278,0.2614336323462115,0.23654804859331197,0.02488558375289951,0.911864406779661,0.9739252617256435,0.7234158033813691
Next-year high Rx out-of-pocket burden,Insurance,65+ No Medicare Any Coverage,2,74099.53675200001,0,0.042041374429114105,-0.042041374429114105,NA,NA,NA
Next-year high Rx out-of-pocket burden,Race/ethnicity,Hispanic,66,2594300.701758,0.03894032090634016,0.08747639206637008,-0.04853607116002991,0.6772486772486772,0.3157709172431272,0.09568776076266937
Next-year high Rx out-of-pocket burden,Race/ethnicity,Non-Hispanic Asian,21,1426457.0365260001,0,0.049705830860925504,-0.049705830860925504,NA,NA,0
Next-year high Rx out-of-pocket burden,Race/ethnicity,Non-Hispanic Black,72,2390836.139848,0.09902901668871895,0.09607529577530141,0.002953720913417543,0.8838383838383839,0.5510130065757177,0.5694550011943793
Next-year high Rx out-of-pocket burden,Race/ethnicity,Non-Hispanic Other/Multiple,9,522371.6931609999,0.2855848741903801,0.19972724452445742,0.08585762966592267,0.8571428571428571,1,0.57864963024693306
Next-year high Rx out-of-pocket burden,Race/ethnicity,Non-Hispanic White,292,17368842.121410992,0.16592974359046536,0.15114644978107575,0.014783293809389614,0.8849767111391805,0.7565836661697637,0.5204902740673218
